URL,Version,Status,OIDs,Name,Title,Description,Uses,Used,Sources
http://hl7.org/fhir/ValueSet/body-site,4.0.1,draft,"2.16.840.1.113883.4.642.3.141",SNOMEDCTBodyStructures,SNOMED CT Body Structures,"This value set includes all codes from [SNOMED CT](http://snomed.info/sct) where concept is-a 442083009 (Anatomical or acquired body site (body structure)).","StructureDefinition/genomic-trf-study,StructureDefinition/genomic-trf-specimen,StructureDefinition/genomic-test-order","SCT"
http://hl7.org/fhir/ValueSet/condition-code,4.0.1,draft,"2.16.840.1.113883.4.642.3.161",Condition/Problem/DiagnosisCodes,Condition/Problem/Diagnosis Codes,"Example value set for Condition/Problem/Diagnosis codes.","StructureDefinition/genomic-trf-study","SCT"
http://hl7.org/fhir/ValueSet/device-action,4.0.1,draft,"2.16.840.1.113883.4.642.3.425",ProcedureDeviceActionCodes,Procedure Device Action Codes,"Example codes indicating the change that happened to the device during the procedure.  Note that these are in no way complete and might not even be appropriate for some uses.","StructureDefinition/genomic-trf-study","SCT"
http://hl7.org/fhir/ValueSet/device-kind,4.0.1,draft,"2.16.840.1.113883.4.642.3.208",FHIRDeviceTypes,FHIR Device Types,"Codes used to identify medical devices. Includes concepts from SNOMED CT (http://www.snomed.org/) where concept is-a 49062001 (Device)  and is provided as a suggestive example.","StructureDefinition/genomic-trf-study","SCT"
http://hl7.org/fhir/ValueSet/event-status,4.0.1,draft,"2.16.840.1.113883.4.642.3.109",EventStatus,EventStatus,"Codes identifying the lifecycle stage of an event.","StructureDefinition/genomic-trf-study","hl7.fhir.r4.core"
http://hl7.org/fhir/ValueSet/languages,4.0.1,draft,"2.16.840.1.113883.4.642.3.20",CommonLanguages,Common Languages,"This value set includes common codes from BCP-47 (http://tools.ietf.org/html/bcp47)","StructureDefinition/genomic-trf-study,StructureDefinition/genomic-trf-specimen,StructureDefinition/genomic-trf-questionnaire-response,StructureDefinition/genomic-test-order","hl7.terminology.r4"
http://hl7.org/fhir/ValueSet/medication-as-needed-reason,4.0.1,draft,"2.16.840.1.113883.4.642.3.96",SNOMEDCTMedicationAsNeededReasonCodes,SNOMED CT Medication As Needed Reason Codes,"This value set includes all clinical findings from SNOMED CT - provided as an exemplar value set.","StructureDefinition/genomic-test-order","SCT"
http://hl7.org/fhir/ValueSet/participant-role,4.0.1,draft,"2.16.840.1.113883.4.642.3.152",ParticipantRoles,Participant Roles,"Roles of participants that may be included in a care team.  Defined as: Is a Person, Healthcare professional (occupation) or Healthcare related organization (qualifier value).","StructureDefinition/genomic-test-order","SCT"
http://hl7.org/fhir/ValueSet/performer-role,4.0.1,draft,"2.16.840.1.113883.4.642.3.433",ProcedurePerformerRoleCodes,Procedure Performer Role Codes,"This example value set defines the set of codes that can be used to indicate a role of a procedure performer.","StructureDefinition/genomic-trf-study","SCT"
http://hl7.org/fhir/ValueSet/procedure-category,4.0.1,draft,"2.16.840.1.113883.4.642.3.430",ProcedureCategoryCodes(SNOMEDCT),Procedure Category Codes (SNOMED CT),"Procedure Category code: A selection of relevant SNOMED CT codes.","StructureDefinition/genomic-trf-study","SCT"
http://hl7.org/fhir/ValueSet/procedure-code,4.0.1,draft,"2.16.840.1.113883.4.642.3.427",ProcedureCodes(SNOMEDCT),Procedure Codes (SNOMED CT),"Procedure Code: All SNOMED CT procedure codes.","StructureDefinition/genomic-test-order","SCT"
http://hl7.org/fhir/ValueSet/procedure-followup,4.0.1,draft,"2.16.840.1.113883.4.642.3.429",ProcedureFollowUpCodes(SNOMEDCT),Procedure Follow up Codes (SNOMED CT),"Procedure follow up codes: A selection of SNOMED CT codes relevant to procedure follow up.","StructureDefinition/genomic-trf-study","SCT"
http://hl7.org/fhir/ValueSet/procedure-not-performed-reason,4.0.1,active,"2.16.840.1.113883.4.642.3.431",ProcedureNotPerformedReason(SNOMED-CT),Procedure Not Performed Reason (SNOMED-CT),"Situation codes describing the reason that a procedure, which might otherwise be expected, was not performed, or a procedure that was started and was not completed. Consists of SNOMED CT codes, children of procedure contraindicated (183932001), procedure discontinued (416406003), procedure not done (416237000), procedure not indicated (428119001), procedure not offered (416064006), procedure not wanted (416432009), procedure refused (183944003), and procedure stopped (394908001).","StructureDefinition/genomic-trf-study","SCT"
http://hl7.org/fhir/ValueSet/procedure-outcome,4.0.1,draft,"2.16.840.1.113883.4.642.3.428",ProcedureOutcomeCodes(SNOMEDCT),Procedure Outcome Codes (SNOMED CT),"Procedure Outcome code: A selection of relevant SNOMED CT codes.","StructureDefinition/genomic-trf-study","SCT"
http://hl7.org/fhir/ValueSet/procedure-reason,4.0.1,draft,"2.16.840.1.113883.4.642.3.432",ProcedureReasonCodes,Procedure Reason Codes,"This example value set defines the set of codes that can be used to indicate a reason for a procedure.","StructureDefinition/genomic-trf-study,StructureDefinition/genomic-test-order","SCT"
http://hl7.org/fhir/ValueSet/questionnaire-answers,4.0.1,draft,"2.16.840.1.113883.4.642.3.446",QuestionnaireAnswerCodes,Questionnaire Answer Codes,"Example list of codes for answers to questions. (Not complete or necessarily appropriate.)","StructureDefinition/genomic-trf-questionnaire-response","SCT"
http://hl7.org/fhir/ValueSet/questionnaire-answers-status,4.0.1,draft,"required",QuestionnaireResponseStatus,QuestionnaireResponseStatus,"Lifecycle status of the questionnaire response.","StructureDefinition/genomic-trf-questionnaire-response","hl7.fhir.r4.core"
http://hl7.org/fhir/ValueSet/request-intent,4.0.1,draft,"2.16.840.1.113883.4.642.3.113",RequestIntent,RequestIntent,"Codes indicating the degree of authority/intentionality associated with a request.","StructureDefinition/genomic-test-order","hl7.fhir.r4.core"
http://hl7.org/fhir/ValueSet/request-priority,4.0.1,draft,"2.16.840.1.113883.4.642.3.115",RequestPriority,Request priority,"The clinical priority of a diagnostic order.","StructureDefinition/genomic-test-order","hl7.fhir.r4.core"
http://hl7.org/fhir/ValueSet/request-status,4.0.1,draft,"2.16.840.1.113883.4.642.3.111",RequestStatus,RequestStatus,"Codes identifying the lifecycle stage of a request.","StructureDefinition/genomic-test-order","hl7.fhir.r4.core"
http://hl7.org/fhir/ValueSet/servicerequest-orderdetail,4.0.1,draft,"2.16.840.1.113883.4.642.3.435",ServiceRequestOrderDetailsCodes,Service Request Order Details Codes,"An example value set of Codified order entry details concepts.  These concepts only make sense in the context of what is being ordered.  This example is for a patient ventilation order","StructureDefinition/genomic-test-order","SCT"
http://hl7.org/fhir/ValueSet/specimen-collection-method,4.0.1,draft,"2.16.840.1.113883.4.642.3.468",FHIRSpecimenCollectionMethod,FHIR Specimen Collection Method," This example value set defines a set of codes that can be used to indicate the method by which a specimen was collected.","StructureDefinition/genomic-trf-specimen","SCT"
http://hl7.org/fhir/ValueSet/specimen-container-type,4.0.1,draft,"2.16.840.1.113883.4.642.3.470",SpecimenContainerType,Specimen Container Type,"Checks on the patient prior specimen collection. All SNOMED CT concepts descendants of 706041008 |Device for body fluid and tissue collection/transfer/processing (physical object)|","StructureDefinition/genomic-trf-specimen","SCT"
http://hl7.org/fhir/ValueSet/specimen-processing-procedure,4.0.1,draft,"2.16.840.1.113883.4.642.3.469",SpecimenProcessingProcedure,Specimen processing procedure,"The technique that is used to perform the process or preserve the specimen.","StructureDefinition/genomic-trf-specimen","THO (V2)"
http://hl7.org/fhir/ValueSet/specimen-status,4.0.1,draft,"2.16.840.1.113883.4.642.3.471",SpecimenStatus,SpecimenStatus,"Codes providing the status/availability of a specimen.","StructureDefinition/genomic-trf-specimen","hl7.fhir.r4.core"
http://hl7.org/fhir/uv/genomics-reporting/ValueSet/genomic-study-type-vs,3.0.0,active,,GenomicStudyTypeVS,Genomic Study Type ValueSet,"Backport of http://hl7.org/fhir/ValueSet/genomicstudy-type","StructureDefinition/genomic-trf-study","hl7.fhir.uv.genomics-reporting"
http://terminology.hl7.org/ValueSet/v2-0371,3.0.0,active,"2.16.840.1.113883.21.245",Hl7VSAdditivePreservative,hl7VS-additivePreservative,"Concepts specifying any additive introduced to the specimen before or at the time of collection.  These additives may be introduced in order to preserve, maintain or enhance the particular nature or component of the specimen.  Used in Version 2 messaging in the SPM segment.","StructureDefinition/genomic-trf-specimen","THO (V2)"
http://terminology.hl7.org/ValueSet/v2-0487,3.0.0,active,"2.16.840.1.113883.21.327",Hl7VSSpecimenType,hl7VS-specimenType,"Concepts that describe the precise nature of an entity that may be used as the source material for an observation.  This is one of two code systems that are used instead of table 0070 (code system xxxx) which conflated specimen types and specimen collection methods.   Used in Version 2 messaging in the SPM segment.","StructureDefinition/genomic-trf-specimen","THO (V2)"
http://terminology.hl7.org/ValueSet/v2-0493,3.0.0,active,"2.16.840.1.113883.21.333",Hl7VSSpecimenCondition,hl7VS-specimenCondition,"Concepts of modes or states of being that describe the nature of a specimen.  Used in Version 2 messaging in the SPM segment.","StructureDefinition/genomic-trf-specimen","THO (V2)"
http://terminology.hl7.org/ValueSet/v2-0916,3.0.0,active,"2.16.840.1.113883.21.440",Hl7VSRelevantClincialInformation,hl7VS-relevantClincialInformation,"Value Set of codes that specify additional clinical information about the patient or specimen to report the supporting and/or suspected diagnosis and clinical findings on requests for interpreted diagnostic studies.","StructureDefinition/genomic-trf-specimen","THO (V2)"
http://terminology.hl7.org/ValueSet/v3-ServiceDeliveryLocationRoleType,3.0.0,active,"2.16.840.1.113883.1.11.17660",ServiceDeliveryLocationRoleType,ServiceDeliveryLocationRoleType,"A role of a place that further classifies the setting (e.g., accident site, road side, work site, community location) in which services are delivered.","StructureDefinition/genomic-test-order","THO (V3)"
https://example.org/fhir/uv/genomic-trf/ValueSet/genomic-trf-order-category,0.1.0,draft,,GenomicTRFOrderCategoryVS,Genomic TRF Order Category ValueSet,"Permitted high-level genomic requisition categories.","StructureDefinition/genomic-test-order","Internal"
